attribute,n,n_blond,recall_orig,precision_orig,recall_refined,precision_refined,recall_wall,precision_wall
5_o_Clock_Shadow,1994,30,0.6666666666666666,0.24096385542168675,0.7,0.20588235294117646,0.8333333333333334,0.21929824561403508
Arched_Eyebrows,5000,1034,0.9874274661508704,0.6993150684931507,0.9845261121856866,0.6636245110821382,0.9864603481624759,0.6962457337883959
Attractive,5000,873,0.979381443298969,0.6690140845070423,0.979381443298969,0.6291390728476821,0.9782359679266895,0.662015503875969
Bags_Under_Eyes,4045,305,0.9344262295081968,0.5277777777777778,0.9377049180327869,0.4673202614379085,0.9573770491803278,0.4620253164556962
Bald,423,0,,0.0,,0.0,,0.0
Bangs,3109,683,0.9897510980966325,0.6954732510288066,0.986822840409956,0.6550048590864918,0.9926793557833089,0.6918367346938775
Big_Lips,5000,871,0.9758897818599311,0.6805444355484388,0.9747416762342136,0.6561051004636785,0.9735935706084959,0.6719492868462758
Big_Nose,4232,189,0.9576719576719577,0.49184782608695654,0.9523809523809523,0.4358353510895884,0.9523809523809523,0.42755344418052255
Black_Hair,5000,0,,0.0,,0.0,,0.0
Blond_Hair,2660,2660,0.9548872180451128,1.0,0.9530075187969925,1.0,0.9597744360902256,1.0
Blurry,1010,162,0.9074074074074074,0.5975609756097561,0.845679012345679,0.6342592592592593,0.9197530864197531,0.5601503759398496
Brown_Hair,3587,87,0.7931034482758621,0.1464968152866242,0.8620689655172413,0.11029411764705882,0.7931034482758621,0.1311787072243346
Bushy_Eyebrows,2586,22,0.8181818181818182,0.4186046511627907,0.8181818181818182,0.3157894736842105,0.8636363636363636,0.4418604651162791
Chubby,1058,21,0.5238095238095238,0.2,0.7142857142857143,0.2459016393442623,0.6666666666666666,0.15730337078651685
Double_Chin,913,24,0.9166666666666666,0.30985915492957744,0.9166666666666666,0.2716049382716049,0.9583333333333334,0.23232323232323232
Eyeglasses,1289,62,0.8709677419354839,0.4864864864864865,0.8709677419354839,0.4251968503937008,0.9032258064516129,0.43410852713178294
Goatee,915,1,0.0,0.0,1.0,0.03571428571428571,1.0,0.025
Gray_Hair,636,28,0.8928571428571429,0.17857142857142858,0.8928571428571429,0.16778523489932887,0.9285714285714286,0.12440191387559808
Heavy_Makeup,5000,1054,0.9838709677419355,0.6733766233766234,0.9791271347248577,0.6382189239332097,0.9800759013282733,0.6729641693811075
High_Cheekbones,5000,844,0.9656398104265402,0.657258064516129,0.9691943127962085,0.6268199233716475,0.9680094786729858,0.635303265940902
Male,5000,114,0.7192982456140351,0.31297709923664124,0.7807017543859649,0.2870967741935484,0.8157894736842105,0.25
Mouth_Slightly_Open,5000,776,0.9626288659793815,0.6645907473309609,0.9600515463917526,0.6383890317052271,0.9664948453608248,0.6443298969072165
Mustache,772,2,0.5,0.07142857142857142,1.0,0.125,1.0,0.09523809523809523
Narrow_Eyes,2968,442,0.9479638009049773,0.6367781155015197,0.9389140271493213,0.6111929307805597,0.9547511312217195,0.6124818577648766
No_Beard,5000,769,0.9674902470741222,0.6391752577319587,0.9622886866059818,0.6146179401993356,0.9661898569570871,0.6191666666666666
Oval_Face,5000,655,0.9496183206106871,0.6432264736297828,0.9480916030534351,0.6052631578947368,0.9526717557251908,0.6283987915407855
Pale_Skin,840,180,0.9666666666666667,0.6566037735849056,0.9611111111111111,0.6407407407407407,0.9777777777777777,0.6518518518518519
Pointy_Nose,5000,902,0.9822616407982262,0.6443636363636364,0.9778270509977827,0.6116504854368932,0.983370288248337,0.6331192005710207
Receding_Hairline,1694,108,0.8888888888888888,0.5052631578947369,0.8796296296296297,0.47029702970297027,0.8888888888888888,0.4085106382978723
Rosy_Cheeks,1432,405,0.9876543209876543,0.7490636704119851,0.9876543209876543,0.7246376811594203,0.9901234567901235,0.7481343283582089
Sideburns,926,13,0.6153846153846154,0.18604651162790697,0.7692307692307693,0.19607843137254902,0.9230769230769231,0.17647058823529413
Smiling,5000,811,0.9580764488286067,0.6491228070175439,0.9630086313193588,0.6318770226537217,0.966707768187423,0.632258064516129
Straight_Hair,4190,627,0.9314194577352473,0.6878680800942285,0.9409888357256778,0.6584821428571429,0.9441786283891547,0.6607142857142857
Wavy_Hair,5000,886,0.9740406320541761,0.6469265367316341,0.9706546275395034,0.5976372480889507,0.9717832957110609,0.6284671532846715
Wearing_Earrings,4125,763,0.9777195281782438,0.6666666666666666,0.9724770642201835,0.6463414634146342,0.9764089121887287,0.6575463371579876
Wearing_Hat,839,13,0.6923076923076923,0.21951219512195122,0.6923076923076923,0.23076923076923078,0.5384615384615384,0.2
Wearing_Lipstick,5000,1031,0.9835111542192047,0.66015625,0.979631425800194,0.625,0.979631425800194,0.6596995427824951
Wearing_Necklace,2753,729,0.9821673525377229,0.7181544633901705,0.9766803840877915,0.6939571150097466,0.9821673525377229,0.7145708582834331
Wearing_Necktie,1399,20,0.35,0.14583333333333334,0.45,0.1323529411764706,0.65,0.12380952380952381
Young,5000,670,0.9597014925373134,0.6398009950248756,0.9507462686567164,0.6003770028275212,0.9626865671641791,0.6231884057971014
(all),19962,2660,0.9548872180451128,0.6225490196078431,0.9530075187969925,0.5878942486085343,0.9597744360902256,0.5971929824561404
