method,alpha,layer,dims,mean_c,kept_patch,kept_clean,patch_energy_share
egem,0.1,features.5,64,0.999998927116394,0.9999984502792358,0.999998927116394,1.3076632022857666
egem,0.1,features.10,128,0.7543482780456543,0.6294222474098206,0.6449975371360779,1.1695454120635986
egem,0.1,features.17,256,0.6489315032958984,0.578072190284729,0.5837879776954651,1.0841299295425415
egem,0.1,features.24,512,0.4545576274394989,0.5183332562446594,0.5519289374351501,1.6038217544555664
egem,0.1,features.33,25088,0.37711983919143677,0.5331354141235352,0.7660986185073853,1.701005458831787
egem,0.1,features.36,4096,0.1851564645767212,0.09775818139314651,0.13236695528030396,1.2402843236923218
egem,0.1,features.39,4096,0.08392738550901413,0.07380641996860504,0.08785810321569443,1.1155709028244019
egem,0.4,features.5,64,0.999998927116394,0.9999984502792358,0.999998927116394,1.3076632022857666
egem,0.4,features.10,128,0.8565878868103027,0.7774242758750916,0.7870562076568604,1.1695454120635986
egem,0.4,features.17,256,0.7757060527801514,0.7336645722389221,0.7346475720405579,1.0841299295425415
egem,0.4,features.24,512,0.6980863809585571,0.7857584953308105,0.8056313991546631,1.6038217544555664
egem,0.4,features.33,25088,0.5542471408843994,0.729883074760437,0.9047731161117554,1.701005458831787
egem,0.4,features.36,4096,0.48015475273132324,0.4296261966228485,0.5272326469421387,1.2402843236923218
egem,0.4,features.39,4096,0.3499089777469635,0.5053907036781311,0.5712121725082397,1.1155709028244019
pcaegem,0.1,features.5,64,0.9999921917915344,0.9999963045120239,0.9999982118606567,1.3076632022857666
pcaegem,0.1,features.10,128,0.8116393089294434,0.857216477394104,0.869142472743988,1.1695454120635986
pcaegem,0.1,features.17,256,0.6773620247840881,0.7202946543693542,0.747799277305603,1.0841299295425415
pcaegem,0.1,features.24,512,0.4964856803417206,0.6571575999259949,0.7148612141609192,1.6038217544555664
pcaegem,0.1,features.33,5600,0.3469766676425934,0.3488101661205292,0.6599410176277161,1.701005458831787
pcaegem,0.1,features.36,4096,0.18772238492965698,0.5956726670265198,0.8525094985961914,1.2402843236923218
pcaegem,0.1,features.39,4096,0.09516163170337677,0.9387170076370239,0.9754844903945923,1.1155709028244019
pcaegem,0.4,features.5,64,0.9999921917915344,0.9999963045120239,0.9999982118606567,1.3076632022857666
pcaegem,0.4,features.10,128,0.8911408185958862,0.9181576371192932,0.9253502488136292,1.1695454120635986
pcaegem,0.4,features.17,256,0.7951765060424805,0.8271697759628296,0.8434168696403503,1.0841299295425415
pcaegem,0.4,features.24,512,0.6224812865257263,0.7680217623710632,0.8098293542861938,1.6038217544555664
pcaegem,0.4,features.33,5600,0.5243027210235596,0.4451098144054413,0.7478306293487549,1.701005458831787
pcaegem,0.4,features.36,4096,0.42484185099601746,0.775743842124939,0.9275879263877869,1.2402843236923218
pcaegem,0.4,features.39,4096,0.3979851305484772,0.9819707870483398,0.9937135577201843,1.1155709028244019
pcaegem+sum,0.1,features.5,64,0.9999998807907104,1.0000001192092896,0.9999999403953552,0.20677784085273743
pcaegem+sum,0.1,features.10,128,0.8156532049179077,0.9667921662330627,0.9943341016769409,0.13802872598171234
pcaegem+sum,0.1,features.17,256,0.649482011795044,0.8712666034698486,0.9682875275611877,0.16077888011932373
pcaegem+sum,0.1,features.24,512,0.5181849598884583,0.814175009727478,0.9421236515045166,0.4508606493473053
pcaegem+sum,0.1,features.33,5600,0.3469766676425934,0.3488101661205292,0.6599410176277161,1.701005458831787
pcaegem+sum,0.1,features.36,4096,0.18772238492965698,0.5956726670265198,0.8525094985961914,1.2402843236923218
pcaegem+sum,0.1,features.39,4096,0.09516163170337677,0.9387170076370239,0.9754844903945923,1.1155709028244019
pcaegem+sum,0.4,features.5,64,0.9999998807907104,1.0000001192092896,0.9999999403953552,0.20677784085273743
pcaegem+sum,0.4,features.10,128,0.8868111371994019,0.9802352786064148,0.9968182444572449,0.13802872598171234
pcaegem+sum,0.4,features.17,256,0.7591259479522705,0.9154654741287231,0.9805303812026978,0.16077888011932373
pcaegem+sum,0.4,features.24,512,0.6282182931900024,0.8805047273635864,0.9627060890197754,0.4508606493473053
pcaegem+sum,0.4,features.33,5600,0.5243027210235596,0.4451098144054413,0.7478306293487549,1.701005458831787
pcaegem+sum,0.4,features.36,4096,0.42484185099601746,0.775743842124939,0.9275879263877869,1.2402843236923218
pcaegem+sum,0.4,features.39,4096,0.3979851305484772,0.9819707870483398,0.9937135577201843,1.1155709028244019
