task,model,layer,draw,r2
MNIST,mnist,Conv2d_1,0,0.009370838705495932
MNIST,mnist,ReLU_1,0,0.009271083981414519
MNIST,mnist,MaxPool2d_1,0,0.02193905555011255
MNIST,mnist,Conv2d_2,0,0.014428791054410528
MNIST,mnist,ReLU_2,0,0.015446440611452283
MNIST,mnist,MaxPool2d_2,0,0.02733131847769754
MNIST,mnist,Flatten_1,0,0.02733131847769754
MNIST,mnist,Linear_1,0,0.018780909390203937
MNIST,mnist,ReLU_3,0,0.022593112363049173
MNIST,mnist,Linear_2,0,0.05897766283037453
MNIST,mnist,Conv2d_1,1,0.007507702024483476
MNIST,mnist,ReLU_1,1,0.00741552734654094
MNIST,mnist,MaxPool2d_1,1,0.017179778791830635
MNIST,mnist,Conv2d_2,1,0.011314363963235263
MNIST,mnist,ReLU_2,1,0.011450165989804195
MNIST,mnist,MaxPool2d_2,1,0.018438859653876816
MNIST,mnist,Flatten_1,1,0.018438859653876816
MNIST,mnist,Linear_1,1,0.013509313341041329
MNIST,mnist,ReLU_3,1,0.015892040569406518
MNIST,mnist,Linear_2,1,0.03942123296602085
MNIST,mnist,Conv2d_1,2,0.008233644668899753
MNIST,mnist,ReLU_1,2,0.00813664495946953
MNIST,mnist,MaxPool2d_1,2,0.01878045973800979
MNIST,mnist,Conv2d_2,2,0.012115411074355209
MNIST,mnist,ReLU_2,2,0.01286051110582398
MNIST,mnist,MaxPool2d_2,2,0.021804762285892898
MNIST,mnist,Flatten_1,2,0.021804762285892898
MNIST,mnist,Linear_1,2,0.0138224490618718
MNIST,mnist,ReLU_3,2,0.015827511346149015
MNIST,mnist,Linear_2,2,0.04471570439308248
MNIST,mnist,Conv2d_1,3,0.010013244863591342
MNIST,mnist,ReLU_1,3,0.009917331983210986
MNIST,mnist,MaxPool2d_1,3,0.02241847613630754
MNIST,mnist,Conv2d_2,3,0.014834374832421449
MNIST,mnist,ReLU_2,3,0.015936077531549686
MNIST,mnist,MaxPool2d_2,3,0.02588106028602788
MNIST,mnist,Flatten_1,3,0.02588106028602788
MNIST,mnist,Linear_1,3,0.01657928506515327
MNIST,mnist,ReLU_3,3,0.01907056695418019
MNIST,mnist,Linear_2,3,0.04758924738338133
MNIST,mnist,Conv2d_1,4,0.008838066307442993
MNIST,mnist,ReLU_1,4,0.008756295392341351
MNIST,mnist,MaxPool2d_1,4,0.020056479514808934
MNIST,mnist,Conv2d_2,4,0.013333481743500575
MNIST,mnist,ReLU_2,4,0.014018540092049059
MNIST,mnist,MaxPool2d_2,4,0.022694530389502088
MNIST,mnist,Flatten_1,4,0.022694530389502088
MNIST,mnist,Linear_1,4,0.015198944923180635
MNIST,mnist,ReLU_3,4,0.017142679009423012
MNIST,mnist,Linear_2,4,0.043346850874149245
MNIST,mnist,Conv2d_1,5,0.00810915649118904
MNIST,mnist,ReLU_1,5,0.008014050731657507
MNIST,mnist,MaxPool2d_1,5,0.01855966054530389
MNIST,mnist,Conv2d_2,5,0.012177708945134258
MNIST,mnist,ReLU_2,5,0.013057729133681972
MNIST,mnist,MaxPool2d_2,5,0.022882216575822678
MNIST,mnist,Flatten_1,5,0.022882216575822678
MNIST,mnist,Linear_1,5,0.014681051503442344
MNIST,mnist,ReLU_3,5,0.01659465265869986
MNIST,mnist,Linear_2,5,0.03742052977392807
MNIST,mnist,Conv2d_1,6,0.008948484927414402
MNIST,mnist,ReLU_1,6,0.00886183532851903
MNIST,mnist,MaxPool2d_1,6,0.01955843382848288
MNIST,mnist,Conv2d_2,6,0.0127946276046359
MNIST,mnist,ReLU_2,6,0.013596114162425899
MNIST,mnist,MaxPool2d_2,6,0.022161831277733413
MNIST,mnist,Flatten_1,6,0.022161831277733413
MNIST,mnist,Linear_1,6,0.014204112240776667
MNIST,mnist,ReLU_3,6,0.01610940226534241
MNIST,mnist,Linear_2,6,0.04392209135113634
MNIST,mnist,Conv2d_1,7,0.006640080021670713
MNIST,mnist,ReLU_1,7,0.006559046054549711
MNIST,mnist,MaxPool2d_1,7,0.014924674918604608
MNIST,mnist,Conv2d_2,7,0.009668883593238142
MNIST,mnist,ReLU_2,7,0.010094669404749346
MNIST,mnist,MaxPool2d_2,7,0.017104650936818122
MNIST,mnist,Flatten_1,7,0.017104650936818122
MNIST,mnist,Linear_1,7,0.010842239545046817
MNIST,mnist,ReLU_3,7,0.012241057588639137
MNIST,mnist,Linear_2,7,0.03687378119274676
MNIST,mnist,Conv2d_1,8,0.006997516476697774
MNIST,mnist,ReLU_1,8,0.006912344418369187
MNIST,mnist,MaxPool2d_1,8,0.01539411778483668
MNIST,mnist,Conv2d_2,8,0.009895938028455564
MNIST,mnist,ReLU_2,8,0.010361343589259775
MNIST,mnist,MaxPool2d_2,8,0.016226770435797677
MNIST,mnist,Flatten_1,8,0.016226770435797677
MNIST,mnist,Linear_1,8,0.010466568057210135
MNIST,mnist,ReLU_3,8,0.011731931452940048
MNIST,mnist,Linear_2,8,0.04593252060778952
MNIST,mnist,Conv2d_1,9,0.007506464054087725
MNIST,mnist,ReLU_1,9,0.007415317968609281
MNIST,mnist,MaxPool2d_1,9,0.017676086123278423
MNIST,mnist,Conv2d_2,9,0.011478995277957593
MNIST,mnist,ReLU_2,9,0.012005930968131406
MNIST,mnist,MaxPool2d_2,9,0.021141538700703788
MNIST,mnist,Flatten_1,9,0.021141538700703788
MNIST,mnist,Linear_1,9,0.014551827526040229
MNIST,mnist,ReLU_3,9,0.017601519269089483
MNIST,mnist,Linear_2,9,0.039706084894910565
MNIST,mnist,Conv2d_1,10,0.009064077382517022
MNIST,mnist,ReLU_1,10,0.008958088135058606
MNIST,mnist,MaxPool2d_1,10,0.02124222064526682
MNIST,mnist,Conv2d_2,10,0.01409186038284349
MNIST,mnist,ReLU_2,10,0.014848283036029142
MNIST,mnist,MaxPool2d_2,10,0.025800271959449006
MNIST,mnist,Flatten_1,10,0.025800271959449006
MNIST,mnist,Linear_1,10,0.01599441508616728
MNIST,mnist,ReLU_3,10,0.018099638460866152
MNIST,mnist,Linear_2,10,0.04980079491359557
MNIST,mnist,Conv2d_1,11,0.008104731243079644
MNIST,mnist,ReLU_1,11,0.008011041984660072
MNIST,mnist,MaxPool2d_1,11,0.017899054489072252
MNIST,mnist,Conv2d_2,11,0.011719758542998227
MNIST,mnist,ReLU_2,11,0.01225105409030458
MNIST,mnist,MaxPool2d_2,11,0.019684621933170554
MNIST,mnist,Flatten_1,11,0.019684621933170554
MNIST,mnist,Linear_1,11,0.013047638699559272
MNIST,mnist,ReLU_3,11,0.014473829379427428
MNIST,mnist,Linear_2,11,0.039726742890610955
MNIST,mnist,Conv2d_1,12,0.009420219429572052
MNIST,mnist,ReLU_1,12,0.00934209522950602
MNIST,mnist,MaxPool2d_1,12,0.02079355175484765
MNIST,mnist,Conv2d_2,12,0.013553926252775628
MNIST,mnist,ReLU_2,12,0.014303587318181599
MNIST,mnist,MaxPool2d_2,12,0.023003307826214736
MNIST,mnist,Flatten_1,12,0.023003307826214736
MNIST,mnist,Linear_1,12,0.01458948255199699
MNIST,mnist,ReLU_3,12,0.01658690937904239
MNIST,mnist,Linear_2,12,0.05614474316905016
MNIST,mnist,Conv2d_1,13,0.009294442393270819
MNIST,mnist,ReLU_1,13,0.009212925039183806
MNIST,mnist,MaxPool2d_1,13,0.02048322133070446
MNIST,mnist,Conv2d_2,13,0.013242662226268131
MNIST,mnist,ReLU_2,13,0.014231639065202306
MNIST,mnist,MaxPool2d_2,13,0.02292741710966084
MNIST,mnist,Flatten_1,13,0.02292741710966084
MNIST,mnist,Linear_1,13,0.014638975998650938
MNIST,mnist,ReLU_3,13,0.01667423080248631
MNIST,mnist,Linear_2,13,0.05571185376735277
MNIST,mnist,Conv2d_1,14,0.008669401455864256
MNIST,mnist,ReLU_1,14,0.008571699131151411
MNIST,mnist,MaxPool2d_1,14,0.020233434899329605
MNIST,mnist,Conv2d_2,14,0.013279684588408891
MNIST,mnist,ReLU_2,14,0.014038959678770224
MNIST,mnist,MaxPool2d_2,14,0.02422895990924634
MNIST,mnist,Flatten_1,14,0.02422895990924634
MNIST,mnist,Linear_1,14,0.014746470638418163
MNIST,mnist,ReLU_3,14,0.016925326689274156
MNIST,mnist,Linear_2,14,0.03183188932130698
MNIST,mnist,Conv2d_1,15,0.007836002660974284
MNIST,mnist,ReLU_1,15,0.007741111754221874
MNIST,mnist,MaxPool2d_1,15,0.018427914052772554
MNIST,mnist,Conv2d_2,15,0.012031599660574877
MNIST,mnist,ReLU_2,15,0.012628632899744474
MNIST,mnist,MaxPool2d_2,15,0.021257658147372682
MNIST,mnist,Flatten_1,15,0.021257658147372682
MNIST,mnist,Linear_1,15,0.01302645681603376
MNIST,mnist,ReLU_3,15,0.01472370900490605
MNIST,mnist,Linear_2,15,0.05809129400328139
MNIST,mnist,Conv2d_1,16,0.008000899359178248
MNIST,mnist,ReLU_1,16,0.007907297252934709
MNIST,mnist,MaxPool2d_1,16,0.018813914468497006
MNIST,mnist,Conv2d_2,16,0.012142865325602492
MNIST,mnist,ReLU_2,16,0.013006655526966227
MNIST,mnist,MaxPool2d_2,16,0.022515648224549767
MNIST,mnist,Flatten_1,16,0.022515648224549767
MNIST,mnist,Linear_1,16,0.01489309879997991
MNIST,mnist,ReLU_3,16,0.016581064969192538
MNIST,mnist,Linear_2,16,0.04367513674158052
MNIST,mnist,Conv2d_1,17,0.007740342199781591
MNIST,mnist,ReLU_1,17,0.007650285590319772
MNIST,mnist,MaxPool2d_1,17,0.017409041495024757
MNIST,mnist,Conv2d_2,17,0.011202816119164183
MNIST,mnist,ReLU_2,17,0.011902076550205254
MNIST,mnist,MaxPool2d_2,17,0.019570834861555975
MNIST,mnist,Flatten_1,17,0.019570834861555975
MNIST,mnist,Linear_1,17,0.011957446247656489
MNIST,mnist,ReLU_3,17,0.01342638889294856
MNIST,mnist,Linear_2,17,0.03788061088330985
MNIST,mnist,Conv2d_1,18,0.008046519226843074
MNIST,mnist,ReLU_1,18,0.007954765805449293
MNIST,mnist,MaxPool2d_1,18,0.018416523353329883
MNIST,mnist,Conv2d_2,18,0.01205304166137744
MNIST,mnist,ReLU_2,18,0.012908799685334538
MNIST,mnist,MaxPool2d_2,18,0.021921949684396758
MNIST,mnist,Flatten_1,18,0.021921949684396758
MNIST,mnist,Linear_1,18,0.014597486353164046
MNIST,mnist,ReLU_3,18,0.01656241633958999
MNIST,mnist,Linear_2,18,0.04275807984401292
MNIST,mnist,Conv2d_1,19,0.00939107485395696
MNIST,mnist,ReLU_1,19,0.00930021898402389
MNIST,mnist,MaxPool2d_1,19,0.021440275559324373
MNIST,mnist,Conv2d_2,19,0.014041016125104444
MNIST,mnist,ReLU_2,19,0.015139806765665731
MNIST,mnist,MaxPool2d_2,19,0.025124761513826366
MNIST,mnist,Flatten_1,19,0.025124761513826366
MNIST,mnist,Linear_1,19,0.01554997459369889
MNIST,mnist,ReLU_3,19,0.017930991635999982
MNIST,mnist,Linear_2,19,0.04407553544737042
ISIC,isic_vgg16.model,Block_1,0,0.24848555126144678
ISIC,isic_vgg16.model,Block_2,0,0.1903543259500684
ISIC,isic_vgg16.model,Block_3,0,0.1286019620496932
ISIC,isic_vgg16.model,Block_4,0,0.12816143415666714
ISIC,isic_vgg16.model,Block_5,0,0.11629092758256765
ISIC,isic_vgg16.model,AdaptiveAvgPool2d_1,0,0.11629092758256765
ISIC,isic_vgg16.model,Flatten_1,0,0.11629092758256765
ISIC,isic_vgg16.model,Linear_1,0,0.0915421713833513
ISIC,isic_vgg16.model,ReLU_1,0,0.0915421713833513
ISIC,isic_vgg16.model,Dropout_1,0,0.0915421713833513
ISIC,isic_vgg16.model,Linear_2,0,0.09152736650698567
ISIC,isic_vgg16.model,ReLU_2,0,0.09152736650698567
ISIC,isic_vgg16.model,Dropout_2,0,0.09152736650698567
ISIC,isic_vgg16.model,Linear_3,0,0.050499069453015966
ISIC,isic_vgg16.model,Block_1,1,0.22596937954204954
ISIC,isic_vgg16.model,Block_2,1,0.14960856002687484
ISIC,isic_vgg16.model,Block_3,1,0.10431395543275135
ISIC,isic_vgg16.model,Block_4,1,0.12123807638175998
ISIC,isic_vgg16.model,Block_5,1,0.11610521915177807
ISIC,isic_vgg16.model,AdaptiveAvgPool2d_1,1,0.11610521915177807
ISIC,isic_vgg16.model,Flatten_1,1,0.11610521915177807
ISIC,isic_vgg16.model,Linear_1,1,0.09234996843782262
ISIC,isic_vgg16.model,ReLU_1,1,0.09234996843782262
ISIC,isic_vgg16.model,Dropout_1,1,0.09234996843782262
ISIC,isic_vgg16.model,Linear_2,1,0.09293328594023642
ISIC,isic_vgg16.model,ReLU_2,1,0.09293328594023642
ISIC,isic_vgg16.model,Dropout_2,1,0.09293328594023642
ISIC,isic_vgg16.model,Linear_3,1,0.06977976038894873
ISIC,isic_vgg16.model,Block_1,2,0.23980833883229213
ISIC,isic_vgg16.model,Block_2,2,0.17208533041246254
ISIC,isic_vgg16.model,Block_3,2,0.12122929967305507
ISIC,isic_vgg16.model,Block_4,2,0.12927938647734827
ISIC,isic_vgg16.model,Block_5,2,0.12052416520272491
ISIC,isic_vgg16.model,AdaptiveAvgPool2d_1,2,0.12052416520272491
ISIC,isic_vgg16.model,Flatten_1,2,0.12052416520272491
ISIC,isic_vgg16.model,Linear_1,2,0.1100244523415439
ISIC,isic_vgg16.model,ReLU_1,2,0.1100244523415439
ISIC,isic_vgg16.model,Dropout_1,2,0.1100244523415439
ISIC,isic_vgg16.model,Linear_2,2,0.1250665332503479
ISIC,isic_vgg16.model,ReLU_2,2,0.1250665332503479
ISIC,isic_vgg16.model,Dropout_2,2,0.1250665332503479
ISIC,isic_vgg16.model,Linear_3,2,0.08877279556103668
ISIC,isic_vgg16.model,Block_1,3,0.26414032363280715
ISIC,isic_vgg16.model,Block_2,3,0.21354209909826216
ISIC,isic_vgg16.model,Block_3,3,0.13905673916560324
ISIC,isic_vgg16.model,Block_4,3,0.1446755790042944
ISIC,isic_vgg16.model,Block_5,3,0.12205761240532109
ISIC,isic_vgg16.model,AdaptiveAvgPool2d_1,3,0.12205761240532109
ISIC,isic_vgg16.model,Flatten_1,3,0.12205761240532109
ISIC,isic_vgg16.model,Linear_1,3,0.11399795203545815
ISIC,isic_vgg16.model,ReLU_1,3,0.11399795203545815
ISIC,isic_vgg16.model,Dropout_1,3,0.11399795203545815
ISIC,isic_vgg16.model,Linear_2,3,0.1254004674569289
ISIC,isic_vgg16.model,ReLU_2,3,0.1254004674569289
ISIC,isic_vgg16.model,Dropout_2,3,0.1254004674569289
ISIC,isic_vgg16.model,Linear_3,3,0.06444097070337507
ISIC,isic_vgg16.model,Block_1,4,0.2786361781358778
ISIC,isic_vgg16.model,Block_2,4,0.20818638732731032
ISIC,isic_vgg16.model,Block_3,4,0.1305691426968737
ISIC,isic_vgg16.model,Block_4,4,0.1367345902502517
ISIC,isic_vgg16.model,Block_5,4,0.11746375960382871
ISIC,isic_vgg16.model,AdaptiveAvgPool2d_1,4,0.11746375960382871
ISIC,isic_vgg16.model,Flatten_1,4,0.11746375960382871
ISIC,isic_vgg16.model,Linear_1,4,0.09909454924428251
ISIC,isic_vgg16.model,ReLU_1,4,0.09909454924428251
ISIC,isic_vgg16.model,Dropout_1,4,0.09909454924428251
ISIC,isic_vgg16.model,Linear_2,4,0.10911467638143924
ISIC,isic_vgg16.model,ReLU_2,4,0.10911467638143924
ISIC,isic_vgg16.model,Dropout_2,4,0.10911467638143924
ISIC,isic_vgg16.model,Linear_3,4,0.07021101250401829
ISIC,isic_vgg16.model,Block_1,5,0.23737894838493923
ISIC,isic_vgg16.model,Block_2,5,0.17458949343229468
ISIC,isic_vgg16.model,Block_3,5,0.11165086942798119
ISIC,isic_vgg16.model,Block_4,5,0.12172983169466511
ISIC,isic_vgg16.model,Block_5,5,0.115594358333447
ISIC,isic_vgg16.model,AdaptiveAvgPool2d_1,5,0.115594358333447
ISIC,isic_vgg16.model,Flatten_1,5,0.115594358333447
ISIC,isic_vgg16.model,Linear_1,5,0.0987675079658984
ISIC,isic_vgg16.model,ReLU_1,5,0.0987675079658984
ISIC,isic_vgg16.model,Dropout_1,5,0.0987675079658984
ISIC,isic_vgg16.model,Linear_2,5,0.10733082975297736
ISIC,isic_vgg16.model,ReLU_2,5,0.10733082975297736
ISIC,isic_vgg16.model,Dropout_2,5,0.10733082975297736
ISIC,isic_vgg16.model,Linear_3,5,0.050359984467918006
ISIC,isic_vgg16.model,Block_1,6,0.23531048724197112
ISIC,isic_vgg16.model,Block_2,6,0.15439417951487666
ISIC,isic_vgg16.model,Block_3,6,0.09849538026405025
ISIC,isic_vgg16.model,Block_4,6,0.1109896977410173
ISIC,isic_vgg16.model,Block_5,6,0.10785361441495467
ISIC,isic_vgg16.model,AdaptiveAvgPool2d_1,6,0.10785361441495467
ISIC,isic_vgg16.model,Flatten_1,6,0.10785361441495467
ISIC,isic_vgg16.model,Linear_1,6,0.09785951908233714
ISIC,isic_vgg16.model,ReLU_1,6,0.09785951908233714
ISIC,isic_vgg16.model,Dropout_1,6,0.09785951908233714
ISIC,isic_vgg16.model,Linear_2,6,0.10444478288968495
ISIC,isic_vgg16.model,ReLU_2,6,0.10444478288968495
ISIC,isic_vgg16.model,Dropout_2,6,0.10444478288968495
ISIC,isic_vgg16.model,Linear_3,6,0.06876837673602065
ISIC,isic_vgg16.model,Block_1,7,0.3106841769913504
ISIC,isic_vgg16.model,Block_2,7,0.2385473850010731
ISIC,isic_vgg16.model,Block_3,7,0.14958673553289126
ISIC,isic_vgg16.model,Block_4,7,0.15270009441059906
ISIC,isic_vgg16.model,Block_5,7,0.12584234636994607
ISIC,isic_vgg16.model,AdaptiveAvgPool2d_1,7,0.12584234636994607
ISIC,isic_vgg16.model,Flatten_1,7,0.12584234636994607
ISIC,isic_vgg16.model,Linear_1,7,0.11394524731872036
ISIC,isic_vgg16.model,ReLU_1,7,0.11394524731872036
ISIC,isic_vgg16.model,Dropout_1,7,0.11394524731872036
ISIC,isic_vgg16.model,Linear_2,7,0.12584589193213203
ISIC,isic_vgg16.model,ReLU_2,7,0.12584589193213203
ISIC,isic_vgg16.model,Dropout_2,7,0.12584589193213203
ISIC,isic_vgg16.model,Linear_3,7,0.045620858681565624
ISIC,isic_vgg16.model,Block_1,8,0.26923770042492123
ISIC,isic_vgg16.model,Block_2,8,0.19275585719783472
ISIC,isic_vgg16.model,Block_3,8,0.13241858311676435
ISIC,isic_vgg16.model,Block_4,8,0.13751867403667006
ISIC,isic_vgg16.model,Block_5,8,0.12551255322105037
ISIC,isic_vgg16.model,AdaptiveAvgPool2d_1,8,0.12551255322105037
ISIC,isic_vgg16.model,Flatten_1,8,0.12551255322105037
ISIC,isic_vgg16.model,Linear_1,8,0.10236147664684891
ISIC,isic_vgg16.model,ReLU_1,8,0.10236147664684891
ISIC,isic_vgg16.model,Dropout_1,8,0.10236147664684891
ISIC,isic_vgg16.model,Linear_2,8,0.09893927665738467
ISIC,isic_vgg16.model,ReLU_2,8,0.09893927665738467
ISIC,isic_vgg16.model,Dropout_2,8,0.09893927665738467
ISIC,isic_vgg16.model,Linear_3,8,0.03257898473248355
ISIC,isic_vgg16.model,Block_1,9,0.28393599010694537
ISIC,isic_vgg16.model,Block_2,9,0.2200358068767898
ISIC,isic_vgg16.model,Block_3,9,0.15214399638893472
ISIC,isic_vgg16.model,Block_4,9,0.15755995449378246
ISIC,isic_vgg16.model,Block_5,9,0.13201564786790432
ISIC,isic_vgg16.model,AdaptiveAvgPool2d_1,9,0.13201564786790432
ISIC,isic_vgg16.model,Flatten_1,9,0.13201564786790432
ISIC,isic_vgg16.model,Linear_1,9,0.1106300417949847
ISIC,isic_vgg16.model,ReLU_1,9,0.1106300417949847
ISIC,isic_vgg16.model,Dropout_1,9,0.1106300417949847
ISIC,isic_vgg16.model,Linear_2,9,0.12645713637927836
ISIC,isic_vgg16.model,ReLU_2,9,0.12645713637927836
ISIC,isic_vgg16.model,Dropout_2,9,0.12645713637927836
ISIC,isic_vgg16.model,Linear_3,9,0.06301669357117035
ISIC,isic_vgg16.model,Block_1,10,0.24078467716801466
ISIC,isic_vgg16.model,Block_2,10,0.1562082307970536
ISIC,isic_vgg16.model,Block_3,10,0.1073762515465122
ISIC,isic_vgg16.model,Block_4,10,0.11793384118618588
ISIC,isic_vgg16.model,Block_5,10,0.11573426058782132
ISIC,isic_vgg16.model,AdaptiveAvgPool2d_1,10,0.11573426058782132
ISIC,isic_vgg16.model,Flatten_1,10,0.11573426058782132
ISIC,isic_vgg16.model,Linear_1,10,0.10530681155544164
ISIC,isic_vgg16.model,ReLU_1,10,0.10530681155544164
ISIC,isic_vgg16.model,Dropout_1,10,0.10530681155544164
ISIC,isic_vgg16.model,Linear_2,10,0.11329370852048215
ISIC,isic_vgg16.model,ReLU_2,10,0.11329370852048215
ISIC,isic_vgg16.model,Dropout_2,10,0.11329370852048215
ISIC,isic_vgg16.model,Linear_3,10,0.14996683581202475
ISIC,isic_vgg16.model,Block_1,11,0.24893792117748192
ISIC,isic_vgg16.model,Block_2,11,0.1671430677765534
ISIC,isic_vgg16.model,Block_3,11,0.10748947232766115
ISIC,isic_vgg16.model,Block_4,11,0.11516936654306509
ISIC,isic_vgg16.model,Block_5,11,0.10435654676904338
ISIC,isic_vgg16.model,AdaptiveAvgPool2d_1,11,0.10435654676904338
ISIC,isic_vgg16.model,Flatten_1,11,0.10435654676904338
ISIC,isic_vgg16.model,Linear_1,11,0.08278816684058321
ISIC,isic_vgg16.model,ReLU_1,11,0.08278816684058321
ISIC,isic_vgg16.model,Dropout_1,11,0.08278816684058321
ISIC,isic_vgg16.model,Linear_2,11,0.09077496027719834
ISIC,isic_vgg16.model,ReLU_2,11,0.09077496027719834
ISIC,isic_vgg16.model,Dropout_2,11,0.09077496027719834
ISIC,isic_vgg16.model,Linear_3,11,0.06086955979385922
ISIC,isic_vgg16.model,Block_1,12,0.24936056774890014
ISIC,isic_vgg16.model,Block_2,12,0.1776407481737039
ISIC,isic_vgg16.model,Block_3,12,0.1207336670727246
ISIC,isic_vgg16.model,Block_4,12,0.1294584460784669
ISIC,isic_vgg16.model,Block_5,12,0.1277036719928577
ISIC,isic_vgg16.model,AdaptiveAvgPool2d_1,12,0.1277036719928577
ISIC,isic_vgg16.model,Flatten_1,12,0.1277036719928577
ISIC,isic_vgg16.model,Linear_1,12,0.11576113672210309
ISIC,isic_vgg16.model,ReLU_1,12,0.11576113672210309
ISIC,isic_vgg16.model,Dropout_1,12,0.11576113672210309
ISIC,isic_vgg16.model,Linear_2,12,0.11724127274748863
ISIC,isic_vgg16.model,ReLU_2,12,0.11724127274748863
ISIC,isic_vgg16.model,Dropout_2,12,0.11724127274748863
ISIC,isic_vgg16.model,Linear_3,12,0.03911710661639933
ISIC,isic_vgg16.model,Block_1,13,0.2141771072100812
ISIC,isic_vgg16.model,Block_2,13,0.15992461554250936
ISIC,isic_vgg16.model,Block_3,13,0.11008688580124337
ISIC,isic_vgg16.model,Block_4,13,0.12601643103383275
ISIC,isic_vgg16.model,Block_5,13,0.11655624963996558
ISIC,isic_vgg16.model,AdaptiveAvgPool2d_1,13,0.11655624963996558
ISIC,isic_vgg16.model,Flatten_1,13,0.11655624963996558
ISIC,isic_vgg16.model,Linear_1,13,0.0971027774577422
ISIC,isic_vgg16.model,ReLU_1,13,0.0971027774577422
ISIC,isic_vgg16.model,Dropout_1,13,0.0971027774577422
ISIC,isic_vgg16.model,Linear_2,13,0.10122211006531745
ISIC,isic_vgg16.model,ReLU_2,13,0.10122211006531745
ISIC,isic_vgg16.model,Dropout_2,13,0.10122211006531745
ISIC,isic_vgg16.model,Linear_3,13,0.05877614883935545
ISIC,isic_vgg16.model,Block_1,14,0.271884611056621
ISIC,isic_vgg16.model,Block_2,14,0.21228533678095884
ISIC,isic_vgg16.model,Block_3,14,0.12939823601559075
ISIC,isic_vgg16.model,Block_4,14,0.13227546540813162
ISIC,isic_vgg16.model,Block_5,14,0.1259873647821741
ISIC,isic_vgg16.model,AdaptiveAvgPool2d_1,14,0.1259873647821741
ISIC,isic_vgg16.model,Flatten_1,14,0.1259873647821741
ISIC,isic_vgg16.model,Linear_1,14,0.11073164176525863
ISIC,isic_vgg16.model,ReLU_1,14,0.11073164176525863
ISIC,isic_vgg16.model,Dropout_1,14,0.11073164176525863
ISIC,isic_vgg16.model,Linear_2,14,0.11899372102708361
ISIC,isic_vgg16.model,ReLU_2,14,0.11899372102708361
ISIC,isic_vgg16.model,Dropout_2,14,0.11899372102708361
ISIC,isic_vgg16.model,Linear_3,14,0.09844263114718577
ISIC,isic_vgg16.model,Block_1,15,0.25914296849166485
ISIC,isic_vgg16.model,Block_2,15,0.18888583860024188
ISIC,isic_vgg16.model,Block_3,15,0.12026197982713449
ISIC,isic_vgg16.model,Block_4,15,0.13150031066691192
ISIC,isic_vgg16.model,Block_5,15,0.13123331266132654
ISIC,isic_vgg16.model,AdaptiveAvgPool2d_1,15,0.13123331266132654
ISIC,isic_vgg16.model,Flatten_1,15,0.13123331266132654
ISIC,isic_vgg16.model,Linear_1,15,0.1203154312035365
ISIC,isic_vgg16.model,ReLU_1,15,0.1203154312035365
ISIC,isic_vgg16.model,Dropout_1,15,0.1203154312035365
ISIC,isic_vgg16.model,Linear_2,15,0.14015770344629086
ISIC,isic_vgg16.model,ReLU_2,15,0.14015770344629086
ISIC,isic_vgg16.model,Dropout_2,15,0.14015770344629086
ISIC,isic_vgg16.model,Linear_3,15,0.053963011112970194
ISIC,isic_vgg16.model,Block_1,16,0.2775747278241969
ISIC,isic_vgg16.model,Block_2,16,0.20527048636157041
ISIC,isic_vgg16.model,Block_3,16,0.13820050778546777
ISIC,isic_vgg16.model,Block_4,16,0.14755020612370817
ISIC,isic_vgg16.model,Block_5,16,0.13316423215171447
ISIC,isic_vgg16.model,AdaptiveAvgPool2d_1,16,0.13316423215171447
ISIC,isic_vgg16.model,Flatten_1,16,0.13316423215171447
ISIC,isic_vgg16.model,Linear_1,16,0.11141349250916666
ISIC,isic_vgg16.model,ReLU_1,16,0.11141349250916666
ISIC,isic_vgg16.model,Dropout_1,16,0.11141349250916666
ISIC,isic_vgg16.model,Linear_2,16,0.1146747040218612
ISIC,isic_vgg16.model,ReLU_2,16,0.1146747040218612
ISIC,isic_vgg16.model,Dropout_2,16,0.1146747040218612
ISIC,isic_vgg16.model,Linear_3,16,0.06790014889904195
ISIC,isic_vgg16.model,Block_1,17,0.24924621123356305
ISIC,isic_vgg16.model,Block_2,17,0.18737624495008098
ISIC,isic_vgg16.model,Block_3,17,0.11761918001718841
ISIC,isic_vgg16.model,Block_4,17,0.12071233108459745
ISIC,isic_vgg16.model,Block_5,17,0.09704082697354388
ISIC,isic_vgg16.model,AdaptiveAvgPool2d_1,17,0.09704082697354388
ISIC,isic_vgg16.model,Flatten_1,17,0.09704082697354388
ISIC,isic_vgg16.model,Linear_1,17,0.07399107023664198
ISIC,isic_vgg16.model,ReLU_1,17,0.07399107023664198
ISIC,isic_vgg16.model,Dropout_1,17,0.07399107023664198
ISIC,isic_vgg16.model,Linear_2,17,0.07919939597298886
ISIC,isic_vgg16.model,ReLU_2,17,0.07919939597298886
ISIC,isic_vgg16.model,Dropout_2,17,0.07919939597298886
ISIC,isic_vgg16.model,Linear_3,17,0.026149819868475643
ISIC,isic_vgg16.model,Block_1,18,0.24102564542855054
ISIC,isic_vgg16.model,Block_2,18,0.17503264053619316
ISIC,isic_vgg16.model,Block_3,18,0.11437870899112768
ISIC,isic_vgg16.model,Block_4,18,0.1251935779548432
ISIC,isic_vgg16.model,Block_5,18,0.10742410858008
ISIC,isic_vgg16.model,AdaptiveAvgPool2d_1,18,0.10742410858008
ISIC,isic_vgg16.model,Flatten_1,18,0.10742410858008
ISIC,isic_vgg16.model,Linear_1,18,0.08951301235961495
ISIC,isic_vgg16.model,ReLU_1,18,0.08951301235961495
ISIC,isic_vgg16.model,Dropout_1,18,0.08951301235961495
ISIC,isic_vgg16.model,Linear_2,18,0.09703000940335171
ISIC,isic_vgg16.model,ReLU_2,18,0.09703000940335171
ISIC,isic_vgg16.model,Dropout_2,18,0.09703000940335171
ISIC,isic_vgg16.model,Linear_3,18,0.04390508362630274
ISIC,isic_vgg16.model,Block_1,19,0.21591683630642267
ISIC,isic_vgg16.model,Block_2,19,0.1669320103963845
ISIC,isic_vgg16.model,Block_3,19,0.11992244283164966
ISIC,isic_vgg16.model,Block_4,19,0.13683107147101947
ISIC,isic_vgg16.model,Block_5,19,0.12106974776931279
ISIC,isic_vgg16.model,AdaptiveAvgPool2d_1,19,0.12106974776931279
ISIC,isic_vgg16.model,Flatten_1,19,0.12106974776931279
ISIC,isic_vgg16.model,Linear_1,19,0.0958107013824413
ISIC,isic_vgg16.model,ReLU_1,19,0.0958107013824413
ISIC,isic_vgg16.model,Dropout_1,19,0.0958107013824413
ISIC,isic_vgg16.model,Linear_2,19,0.09885720178658208
ISIC,isic_vgg16.model,ReLU_2,19,0.09885720178658208
ISIC,isic_vgg16.model,Dropout_2,19,0.09885720178658208
ISIC,isic_vgg16.model,Linear_3,19,0.08627785716260594
carton-crate,resnet50,Block_1,0,0.03568619239348303
carton-crate,resnet50,Block_2,0,0.0236220401611138
carton-crate,resnet50,Block_3,0,0.023004053386912915
carton-crate,resnet50,Block_4,0,0.023302823580053533
carton-crate,resnet50,Block_5,0,0.035311411809079596
carton-crate,resnet50,AdaptiveAvgPool2d_1,0,0.0531924579378773
carton-crate,resnet50,Flatten_1,0,0.0531924579378773
carton-crate,resnet50,Linear_1,0,0.08572960366182036
carton-crate,resnet50,Block_1,1,0.031837066763679145
carton-crate,resnet50,Block_2,1,0.02210812841984744
carton-crate,resnet50,Block_3,1,0.023052041451520067
carton-crate,resnet50,Block_4,1,0.024899665723521425
carton-crate,resnet50,Block_5,1,0.046600762900596115
carton-crate,resnet50,AdaptiveAvgPool2d_1,1,0.0684753326066524
carton-crate,resnet50,Flatten_1,1,0.0684753326066524
carton-crate,resnet50,Linear_1,1,0.09628887778169937
carton-crate,resnet50,Block_1,2,0.03178234015929926
carton-crate,resnet50,Block_2,2,0.021798243896339442
carton-crate,resnet50,Block_3,2,0.021601290904611936
carton-crate,resnet50,Block_4,2,0.024766696861541093
carton-crate,resnet50,Block_5,2,0.06653108281335263
carton-crate,resnet50,AdaptiveAvgPool2d_1,2,0.10824795463481596
carton-crate,resnet50,Flatten_1,2,0.10824795463481596
carton-crate,resnet50,Linear_1,2,0.07658953949237135
carton-crate,resnet50,Block_1,3,0.03743813332195578
carton-crate,resnet50,Block_2,3,0.024836138573358757
carton-crate,resnet50,Block_3,3,0.026331937973527286
carton-crate,resnet50,Block_4,3,0.033212398810088084
carton-crate,resnet50,Block_5,3,0.07351594486376056
carton-crate,resnet50,AdaptiveAvgPool2d_1,3,0.11474731518810133
carton-crate,resnet50,Flatten_1,3,0.11474731518810133
carton-crate,resnet50,Linear_1,3,0.08492302742543545
carton-crate,resnet50,Block_1,4,0.02482752175545988
carton-crate,resnet50,Block_2,4,0.019900155771858885
carton-crate,resnet50,Block_3,4,0.02404252711528765
carton-crate,resnet50,Block_4,4,0.025696624612606356
carton-crate,resnet50,Block_5,4,0.032806845534363305
carton-crate,resnet50,AdaptiveAvgPool2d_1,4,0.04146302085190412
carton-crate,resnet50,Flatten_1,4,0.04146302085190412
carton-crate,resnet50,Linear_1,4,0.06392497543096942
carton-crate,resnet50,Block_1,5,0.0267812160920895
carton-crate,resnet50,Block_2,5,0.019120187733668637
carton-crate,resnet50,Block_3,5,0.019709339960193972
carton-crate,resnet50,Block_4,5,0.021317708850227546
carton-crate,resnet50,Block_5,5,0.03694460739386707
carton-crate,resnet50,AdaptiveAvgPool2d_1,5,0.05389224355318156
carton-crate,resnet50,Flatten_1,5,0.05389224355318156
carton-crate,resnet50,Linear_1,5,0.04650210411709421
carton-crate,resnet50,Block_1,6,0.03064613370385927
carton-crate,resnet50,Block_2,6,0.021166049976071744
carton-crate,resnet50,Block_3,6,0.022661997393027433
carton-crate,resnet50,Block_4,6,0.022065170803676648
carton-crate,resnet50,Block_5,6,0.04649574670604528
carton-crate,resnet50,AdaptiveAvgPool2d_1,6,0.07547940981858281
carton-crate,resnet50,Flatten_1,6,0.07547940981858281
carton-crate,resnet50,Linear_1,6,0.05522580357840434
carton-crate,resnet50,Block_1,7,0.03234366364450991
carton-crate,resnet50,Block_2,7,0.020706689476457374
carton-crate,resnet50,Block_3,7,0.020469458606631297
carton-crate,resnet50,Block_4,7,0.02143508186677523
carton-crate,resnet50,Block_5,7,0.029051392231610906
carton-crate,resnet50,AdaptiveAvgPool2d_1,7,0.0429419693061589
carton-crate,resnet50,Flatten_1,7,0.0429419693061589
carton-crate,resnet50,Linear_1,7,0.038559475062213355
carton-crate,resnet50,Block_1,8,0.032452551280518716
carton-crate,resnet50,Block_2,8,0.022968443571941388
carton-crate,resnet50,Block_3,8,0.023873865003097072
carton-crate,resnet50,Block_4,8,0.03013568797912991
carton-crate,resnet50,Block_5,8,0.06759190014983507
carton-crate,resnet50,AdaptiveAvgPool2d_1,8,0.10830973378973596
carton-crate,resnet50,Flatten_1,8,0.10830973378973596
carton-crate,resnet50,Linear_1,8,0.07033584865297038
carton-crate,resnet50,Block_1,9,0.03353731617122713
carton-crate,resnet50,Block_2,9,0.0240022502067333
carton-crate,resnet50,Block_3,9,0.02568082698959684
carton-crate,resnet50,Block_4,9,0.026291454849460494
carton-crate,resnet50,Block_5,9,0.049868696013445346
carton-crate,resnet50,AdaptiveAvgPool2d_1,9,0.07355634105291498
carton-crate,resnet50,Flatten_1,9,0.07355634105291498
carton-crate,resnet50,Linear_1,9,0.05626972998812063
carton-crate,resnet50,Block_1,10,0.03910669099584507
carton-crate,resnet50,Block_2,10,0.024604095935372827
carton-crate,resnet50,Block_3,10,0.024769470922540116
carton-crate,resnet50,Block_4,10,0.028624570756450973
carton-crate,resnet50,Block_5,10,0.05901616739897131
carton-crate,resnet50,AdaptiveAvgPool2d_1,10,0.09447703283678599
carton-crate,resnet50,Flatten_1,10,0.09447703283678599
carton-crate,resnet50,Linear_1,10,0.24272289365036048
carton-crate,resnet50,Block_1,11,0.0326352272453696
carton-crate,resnet50,Block_2,11,0.02348579344306656
carton-crate,resnet50,Block_3,11,0.026614853173130837
carton-crate,resnet50,Block_4,11,0.031637225944192715
carton-crate,resnet50,Block_5,11,0.04902983712070941
carton-crate,resnet50,AdaptiveAvgPool2d_1,11,0.0677922674212319
carton-crate,resnet50,Flatten_1,11,0.0677922674212319
carton-crate,resnet50,Linear_1,11,0.13428398437875655
carton-crate,resnet50,Block_1,12,0.03244910279179236
carton-crate,resnet50,Block_2,12,0.022769404038620045
carton-crate,resnet50,Block_3,12,0.024413607242384283
carton-crate,resnet50,Block_4,12,0.027963969856401816
carton-crate,resnet50,Block_5,12,0.046079421209302085
carton-crate,resnet50,AdaptiveAvgPool2d_1,12,0.0773975599986727
carton-crate,resnet50,Flatten_1,12,0.0773975599986727
carton-crate,resnet50,Linear_1,12,0.05853357937827841
carton-crate,resnet50,Block_1,13,0.0342250175640505
carton-crate,resnet50,Block_2,13,0.02488985044263725
carton-crate,resnet50,Block_3,13,0.026269884725344084
carton-crate,resnet50,Block_4,13,0.029991165544541065
carton-crate,resnet50,Block_5,13,0.060378240740908806
carton-crate,resnet50,AdaptiveAvgPool2d_1,13,0.09120979793814843
carton-crate,resnet50,Flatten_1,13,0.09120979793814843
carton-crate,resnet50,Linear_1,13,0.09594914708388336
carton-crate,resnet50,Block_1,14,0.029285964125144615
carton-crate,resnet50,Block_2,14,0.01966379192322032
carton-crate,resnet50,Block_3,14,0.021959811541036767
carton-crate,resnet50,Block_4,14,0.021562844169080386
carton-crate,resnet50,Block_5,14,0.03145561835259114
carton-crate,resnet50,AdaptiveAvgPool2d_1,14,0.042023748753055146
carton-crate,resnet50,Flatten_1,14,0.042023748753055146
carton-crate,resnet50,Linear_1,14,0.028645671984424026
carton-crate,resnet50,Block_1,15,0.04047083295877485
carton-crate,resnet50,Block_2,15,0.027046136711791346
carton-crate,resnet50,Block_3,15,0.028391529312381092
carton-crate,resnet50,Block_4,15,0.03299069402858834
carton-crate,resnet50,Block_5,15,0.05622219682178686
carton-crate,resnet50,AdaptiveAvgPool2d_1,15,0.09690937676773126
carton-crate,resnet50,Flatten_1,15,0.09690937676773126
carton-crate,resnet50,Linear_1,15,0.15732486501778864
carton-crate,resnet50,Block_1,16,0.02678575733265387
carton-crate,resnet50,Block_2,16,0.019866818768052408
carton-crate,resnet50,Block_3,16,0.02164657687752447
carton-crate,resnet50,Block_4,16,0.023555130112547285
carton-crate,resnet50,Block_5,16,0.031527146263729655
carton-crate,resnet50,AdaptiveAvgPool2d_1,16,0.041826773259607375
carton-crate,resnet50,Flatten_1,16,0.041826773259607375
carton-crate,resnet50,Linear_1,16,0.04333600111812319
carton-crate,resnet50,Block_1,17,0.04123851415313906
carton-crate,resnet50,Block_2,17,0.028149089703753405
carton-crate,resnet50,Block_3,17,0.03215419172854472
carton-crate,resnet50,Block_4,17,0.038529376095766676
carton-crate,resnet50,Block_5,17,0.11249621617712391
carton-crate,resnet50,AdaptiveAvgPool2d_1,17,0.1925456129775952
carton-crate,resnet50,Flatten_1,17,0.1925456129775952
carton-crate,resnet50,Linear_1,17,0.17074296933130217
carton-crate,resnet50,Block_1,18,0.03257155342709117
carton-crate,resnet50,Block_2,18,0.02511433064101609
carton-crate,resnet50,Block_3,18,0.026411641239369565
carton-crate,resnet50,Block_4,18,0.024632071494807506
carton-crate,resnet50,Block_5,18,0.04313655541448369
carton-crate,resnet50,AdaptiveAvgPool2d_1,18,0.06638575098564081
carton-crate,resnet50,Flatten_1,18,0.06638575098564081
carton-crate,resnet50,Linear_1,18,0.047247338761477575
carton-crate,resnet50,Block_1,19,0.02235039354432322
carton-crate,resnet50,Block_2,19,0.019164238019048985
carton-crate,resnet50,Block_3,19,0.02040429203049665
carton-crate,resnet50,Block_4,19,0.020707380497724914
carton-crate,resnet50,Block_5,19,0.027308237184177298
carton-crate,resnet50,AdaptiveAvgPool2d_1,19,0.03667316222797723
carton-crate,resnet50,Flatten_1,19,0.03667316222797723
carton-crate,resnet50,Linear_1,19,0.010391675731316719
carton-envelope,resnet50,Block_1,0,0.04373035745814435
carton-envelope,resnet50,Block_2,0,0.030271333795288458
carton-envelope,resnet50,Block_3,0,0.03119701807048203
carton-envelope,resnet50,Block_4,0,0.03228830165003216
carton-envelope,resnet50,Block_5,0,0.06409619084607276
carton-envelope,resnet50,AdaptiveAvgPool2d_1,0,0.10130128212556022
carton-envelope,resnet50,Flatten_1,0,0.10130128212556022
carton-envelope,resnet50,Linear_1,0,0.10131413840509584
carton-envelope,resnet50,Block_1,1,0.028897195242789664
carton-envelope,resnet50,Block_2,1,0.021710926824035304
carton-envelope,resnet50,Block_3,1,0.023126739852004197
carton-envelope,resnet50,Block_4,1,0.024136161583269478
carton-envelope,resnet50,Block_5,1,0.03818907515497927
carton-envelope,resnet50,AdaptiveAvgPool2d_1,1,0.057801781610850034
carton-envelope,resnet50,Flatten_1,1,0.057801781610850034
carton-envelope,resnet50,Linear_1,1,0.018170886250384877
carton-envelope,resnet50,Block_1,2,0.029285619065161916
carton-envelope,resnet50,Block_2,2,0.024876068281429187
carton-envelope,resnet50,Block_3,2,0.027272486384877004
carton-envelope,resnet50,Block_4,2,0.02821738090613768
carton-envelope,resnet50,Block_5,2,0.05015853761305322
carton-envelope,resnet50,AdaptiveAvgPool2d_1,2,0.07869238486239849
carton-envelope,resnet50,Flatten_1,2,0.07869238486239849
carton-envelope,resnet50,Linear_1,2,0.07543880011418447
carton-envelope,resnet50,Block_1,3,0.041772072986296926
carton-envelope,resnet50,Block_2,3,0.028909042859385337
carton-envelope,resnet50,Block_3,3,0.029239929427813505
carton-envelope,resnet50,Block_4,3,0.028348748741695795
carton-envelope,resnet50,Block_5,3,0.06165648321956807
carton-envelope,resnet50,AdaptiveAvgPool2d_1,3,0.09879902648238559
carton-envelope,resnet50,Flatten_1,3,0.09879902648238559
carton-envelope,resnet50,Linear_1,3,0.038971587656522644
carton-envelope,resnet50,Block_1,4,0.03846804335296472
carton-envelope,resnet50,Block_2,4,0.025343603243122237
carton-envelope,resnet50,Block_3,4,0.025478540696943996
carton-envelope,resnet50,Block_4,4,0.026162036036334824
carton-envelope,resnet50,Block_5,4,0.048273031884157214
carton-envelope,resnet50,AdaptiveAvgPool2d_1,4,0.07445257386836157
carton-envelope,resnet50,Flatten_1,4,0.07445257386836157
carton-envelope,resnet50,Linear_1,4,0.02515834383062543
carton-envelope,resnet50,Block_1,5,0.036630659139541666
carton-envelope,resnet50,Block_2,5,0.025034302125299335
carton-envelope,resnet50,Block_3,5,0.026599647999042575
carton-envelope,resnet50,Block_4,5,0.0319761898300116
carton-envelope,resnet50,Block_5,5,0.06649555548152697
carton-envelope,resnet50,AdaptiveAvgPool2d_1,5,0.10007445089204536
carton-envelope,resnet50,Flatten_1,5,0.10007445089204536
carton-envelope,resnet50,Linear_1,5,0.022096529230781314
carton-envelope,resnet50,Block_1,6,0.04772685724687631
carton-envelope,resnet50,Block_2,6,0.03457186958016034
carton-envelope,resnet50,Block_3,6,0.035770559914286904
carton-envelope,resnet50,Block_4,6,0.03615787663612624
carton-envelope,resnet50,Block_5,6,0.06949062516072302
carton-envelope,resnet50,AdaptiveAvgPool2d_1,6,0.10031174120512076
carton-envelope,resnet50,Flatten_1,6,0.10031174120512076
carton-envelope,resnet50,Linear_1,6,0.10351699677589354
carton-envelope,resnet50,Block_1,7,0.03087262752197506
carton-envelope,resnet50,Block_2,7,0.022751644025551965
carton-envelope,resnet50,Block_3,7,0.025042908735563696
carton-envelope,resnet50,Block_4,7,0.026483399089232695
carton-envelope,resnet50,Block_5,7,0.06039540260113596
carton-envelope,resnet50,AdaptiveAvgPool2d_1,7,0.09438810731632707
carton-envelope,resnet50,Flatten_1,7,0.09438810731632707
carton-envelope,resnet50,Linear_1,7,0.011967663058773392
carton-envelope,resnet50,Block_1,8,0.0355207087132261
carton-envelope,resnet50,Block_2,8,0.02724649519631872
carton-envelope,resnet50,Block_3,8,0.029637545697848156
carton-envelope,resnet50,Block_4,8,0.02828715496466072
carton-envelope,resnet50,Block_5,8,0.05770891113469501
carton-envelope,resnet50,AdaptiveAvgPool2d_1,8,0.09349763825413604
carton-envelope,resnet50,Flatten_1,8,0.09349763825413604
carton-envelope,resnet50,Linear_1,8,0.020449021656902877
carton-envelope,resnet50,Block_1,9,0.030991720439844217
carton-envelope,resnet50,Block_2,9,0.02433341941219913
carton-envelope,resnet50,Block_3,9,0.026227064896915397
carton-envelope,resnet50,Block_4,9,0.027265934959140092
carton-envelope,resnet50,Block_5,9,0.07576379218939877
carton-envelope,resnet50,AdaptiveAvgPool2d_1,9,0.1286009915436671
carton-envelope,resnet50,Flatten_1,9,0.1286009915436671
carton-envelope,resnet50,Linear_1,9,0.07673945849554731
carton-envelope,resnet50,Block_1,10,0.03332342165170288
carton-envelope,resnet50,Block_2,10,0.025897514579413472
carton-envelope,resnet50,Block_3,10,0.02697542250988605
carton-envelope,resnet50,Block_4,10,0.024778798109190592
carton-envelope,resnet50,Block_5,10,0.04447938847042443
carton-envelope,resnet50,AdaptiveAvgPool2d_1,10,0.0692040704385728
carton-envelope,resnet50,Flatten_1,10,0.0692040704385728
carton-envelope,resnet50,Linear_1,10,0.02865534491845423
carton-envelope,resnet50,Block_1,11,0.03170357745717245
carton-envelope,resnet50,Block_2,11,0.02582262546935421
carton-envelope,resnet50,Block_3,11,0.02842915690957859
carton-envelope,resnet50,Block_4,11,0.030746350711958192
carton-envelope,resnet50,Block_5,11,0.0607177664306352
carton-envelope,resnet50,AdaptiveAvgPool2d_1,11,0.09343820909477196
carton-envelope,resnet50,Flatten_1,11,0.09343820909477196
carton-envelope,resnet50,Linear_1,11,0.021870684679351382
carton-envelope,resnet50,Block_1,12,0.0392299046301674
carton-envelope,resnet50,Block_2,12,0.0270711539885663
carton-envelope,resnet50,Block_3,12,0.027484816862996753
carton-envelope,resnet50,Block_4,12,0.02753508726731113
carton-envelope,resnet50,Block_5,12,0.0607883148063858
carton-envelope,resnet50,AdaptiveAvgPool2d_1,12,0.10866824041855683
carton-envelope,resnet50,Flatten_1,12,0.10866824041855683
carton-envelope,resnet50,Linear_1,12,0.02249054664581074
carton-envelope,resnet50,Block_1,13,0.04152020302063186
carton-envelope,resnet50,Block_2,13,0.02931959314393917
carton-envelope,resnet50,Block_3,13,0.02847568339693962
carton-envelope,resnet50,Block_4,13,0.029783219671558392
carton-envelope,resnet50,Block_5,13,0.05688432820951439
carton-envelope,resnet50,AdaptiveAvgPool2d_1,13,0.08702680115309847
carton-envelope,resnet50,Flatten_1,13,0.08702680115309847
carton-envelope,resnet50,Linear_1,13,0.032577393541093236
carton-envelope,resnet50,Block_1,14,0.02922679629716962
carton-envelope,resnet50,Block_2,14,0.023100834915135926
carton-envelope,resnet50,Block_3,14,0.023958057701820135
carton-envelope,resnet50,Block_4,14,0.02446531511470651
carton-envelope,resnet50,Block_5,14,0.06531795367810944
carton-envelope,resnet50,AdaptiveAvgPool2d_1,14,0.11411078210588632
carton-envelope,resnet50,Flatten_1,14,0.11411078210588632
carton-envelope,resnet50,Linear_1,14,0.02801605593745482
carton-envelope,resnet50,Block_1,15,0.040757607322542744
carton-envelope,resnet50,Block_2,15,0.03070835738142519
carton-envelope,resnet50,Block_3,15,0.03306075072623771
carton-envelope,resnet50,Block_4,15,0.033145949258771346
carton-envelope,resnet50,Block_5,15,0.05508095686982761
carton-envelope,resnet50,AdaptiveAvgPool2d_1,15,0.08333683114394463
carton-envelope,resnet50,Flatten_1,15,0.08333683114394463
carton-envelope,resnet50,Linear_1,15,0.0234556922912188
carton-envelope,resnet50,Block_1,16,0.05088114510836106
carton-envelope,resnet50,Block_2,16,0.032845180843866784
carton-envelope,resnet50,Block_3,16,0.035851175249583256
carton-envelope,resnet50,Block_4,16,0.03420530125376142
carton-envelope,resnet50,Block_5,16,0.07785055175062061
carton-envelope,resnet50,AdaptiveAvgPool2d_1,16,0.11743225868726836
carton-envelope,resnet50,Flatten_1,16,0.11743225868726836
carton-envelope,resnet50,Linear_1,16,0.025168001111675165
carton-envelope,resnet50,Block_1,17,0.039740452735533616
carton-envelope,resnet50,Block_2,17,0.033297813549590494
carton-envelope,resnet50,Block_3,17,0.03918686549912909
carton-envelope,resnet50,Block_4,17,0.04467102193858574
carton-envelope,resnet50,Block_5,17,0.12587888383718882
carton-envelope,resnet50,AdaptiveAvgPool2d_1,17,0.20209827308139616
carton-envelope,resnet50,Flatten_1,17,0.20209827308139616
carton-envelope,resnet50,Linear_1,17,0.04457365869455543
carton-envelope,resnet50,Block_1,18,0.0409874929423335
carton-envelope,resnet50,Block_2,18,0.026992687896720713
carton-envelope,resnet50,Block_3,18,0.028620257249731607
carton-envelope,resnet50,Block_4,18,0.031006499577526214
carton-envelope,resnet50,Block_5,18,0.050418744303847074
carton-envelope,resnet50,AdaptiveAvgPool2d_1,18,0.07734396252817155
carton-envelope,resnet50,Flatten_1,18,0.07734396252817155
carton-envelope,resnet50,Linear_1,18,0.0007943916889953107
carton-envelope,resnet50,Block_1,19,0.03209143880801579
carton-envelope,resnet50,Block_2,19,0.02434225746935026
carton-envelope,resnet50,Block_3,19,0.0258062894957215
carton-envelope,resnet50,Block_4,19,0.023336562534302607
carton-envelope,resnet50,Block_5,19,0.042003224889443413
carton-envelope,resnet50,AdaptiveAvgPool2d_1,19,0.06682202706480755
carton-envelope,resnet50,Flatten_1,19,0.06682202706480755
carton-envelope,resnet50,Linear_1,19,0.01132434090861878
carton-packet,resnet50,Block_1,0,0.032197517032823586
carton-packet,resnet50,Block_2,0,0.02311993765956266
carton-packet,resnet50,Block_3,0,0.02291564569877702
carton-packet,resnet50,Block_4,0,0.0274691556808635
carton-packet,resnet50,Block_5,0,0.0523894011571735
carton-packet,resnet50,AdaptiveAvgPool2d_1,0,0.08505452220848386
carton-packet,resnet50,Flatten_1,0,0.08505452220848386
carton-packet,resnet50,Linear_1,0,0.12328484931257977
carton-packet,resnet50,Block_1,1,0.026884706630904254
carton-packet,resnet50,Block_2,1,0.019348241444179237
carton-packet,resnet50,Block_3,1,0.020341112071820322
carton-packet,resnet50,Block_4,1,0.021780222168113927
carton-packet,resnet50,Block_5,1,0.03579764512626715
carton-packet,resnet50,AdaptiveAvgPool2d_1,1,0.04827869782587202
carton-packet,resnet50,Flatten_1,1,0.04827869782587202
carton-packet,resnet50,Linear_1,1,0.11653325643128976
carton-packet,resnet50,Block_1,2,0.02332307975500192
carton-packet,resnet50,Block_2,2,0.01807280945271561
carton-packet,resnet50,Block_3,2,0.018937803428324962
carton-packet,resnet50,Block_4,2,0.020663390164591178
carton-packet,resnet50,Block_5,2,0.03492851743911485
carton-packet,resnet50,AdaptiveAvgPool2d_1,2,0.056076206729501865
carton-packet,resnet50,Flatten_1,2,0.056076206729501865
carton-packet,resnet50,Linear_1,2,0.03685594463879138
carton-packet,resnet50,Block_1,3,0.018419808331331833
carton-packet,resnet50,Block_2,3,0.016815931037449716
carton-packet,resnet50,Block_3,3,0.019225142602869894
carton-packet,resnet50,Block_4,3,0.020123064644316013
carton-packet,resnet50,Block_5,3,0.033930445488212446
carton-packet,resnet50,AdaptiveAvgPool2d_1,3,0.048781301908360164
carton-packet,resnet50,Flatten_1,3,0.048781301908360164
carton-packet,resnet50,Linear_1,3,0.07075897285995125
carton-packet,resnet50,Block_1,4,0.022991211843408577
carton-packet,resnet50,Block_2,4,0.018639333807540015
carton-packet,resnet50,Block_3,4,0.02081081391695272
carton-packet,resnet50,Block_4,4,0.024182986987199895
carton-packet,resnet50,Block_5,4,0.050543582577416535
carton-packet,resnet50,AdaptiveAvgPool2d_1,4,0.07795093616407123
carton-packet,resnet50,Flatten_1,4,0.07795093616407123
carton-packet,resnet50,Linear_1,4,0.11262774019507993
carton-packet,resnet50,Block_1,5,0.03316480373041086
carton-packet,resnet50,Block_2,5,0.025135661015651234
carton-packet,resnet50,Block_3,5,0.02562121747650692
carton-packet,resnet50,Block_4,5,0.025409284417391542
carton-packet,resnet50,Block_5,5,0.05761246554817756
carton-packet,resnet50,AdaptiveAvgPool2d_1,5,0.08823404786978228
carton-packet,resnet50,Flatten_1,5,0.08823404786978228
carton-packet,resnet50,Linear_1,5,0.093045623193998
carton-packet,resnet50,Block_1,6,0.027939462402057136
carton-packet,resnet50,Block_2,6,0.02226988142729569
carton-packet,resnet50,Block_3,6,0.023408979629842452
carton-packet,resnet50,Block_4,6,0.021561986806967304
carton-packet,resnet50,Block_5,6,0.04106694735668437
carton-packet,resnet50,AdaptiveAvgPool2d_1,6,0.06466428939722346
carton-packet,resnet50,Flatten_1,6,0.06466428939722346
carton-packet,resnet50,Linear_1,6,0.0762383018631535
carton-packet,resnet50,Block_1,7,0.024834029866089624
carton-packet,resnet50,Block_2,7,0.018315063837492374
carton-packet,resnet50,Block_3,7,0.019635645858757433
carton-packet,resnet50,Block_4,7,0.023737386029269558
carton-packet,resnet50,Block_5,7,0.06161493187499634
carton-packet,resnet50,AdaptiveAvgPool2d_1,7,0.09844879727943201
carton-packet,resnet50,Flatten_1,7,0.09844879727943201
carton-packet,resnet50,Linear_1,7,0.11273283528513434
carton-packet,resnet50,Block_1,8,0.03164905443947652
carton-packet,resnet50,Block_2,8,0.024520403716605244
carton-packet,resnet50,Block_3,8,0.026046295584184698
carton-packet,resnet50,Block_4,8,0.029327447559305053
carton-packet,resnet50,Block_5,8,0.06067969301457188
carton-packet,resnet50,AdaptiveAvgPool2d_1,8,0.08563492823321706
carton-packet,resnet50,Flatten_1,8,0.08563492823321706
carton-packet,resnet50,Linear_1,8,0.09967113470703737
carton-packet,resnet50,Block_1,9,0.0307857650577118
carton-packet,resnet50,Block_2,9,0.02225638650446249
carton-packet,resnet50,Block_3,9,0.023918486064059663
carton-packet,resnet50,Block_4,9,0.023894556100091946
carton-packet,resnet50,Block_5,9,0.0372361203184266
carton-packet,resnet50,AdaptiveAvgPool2d_1,9,0.055300357220330776
carton-packet,resnet50,Flatten_1,9,0.055300357220330776
carton-packet,resnet50,Linear_1,9,0.05939493676243046
carton-packet,resnet50,Block_1,10,0.02419127612382166
carton-packet,resnet50,Block_2,10,0.01943156558116943
carton-packet,resnet50,Block_3,10,0.021104493044501238
carton-packet,resnet50,Block_4,10,0.020999014490091006
carton-packet,resnet50,Block_5,10,0.04274806745552573
carton-packet,resnet50,AdaptiveAvgPool2d_1,10,0.06410109110839668
carton-packet,resnet50,Flatten_1,10,0.06410109110839668
carton-packet,resnet50,Linear_1,10,0.056828787614655596
carton-packet,resnet50,Block_1,11,0.023100777224159486
carton-packet,resnet50,Block_2,11,0.018448139322371437
carton-packet,resnet50,Block_3,11,0.01996130074416147
carton-packet,resnet50,Block_4,11,0.024283509208708254
carton-packet,resnet50,Block_5,11,0.0633284904662218
carton-packet,resnet50,AdaptiveAvgPool2d_1,11,0.10078220323226339
carton-packet,resnet50,Flatten_1,11,0.10078220323226339
carton-packet,resnet50,Linear_1,11,0.16231816616103945
carton-packet,resnet50,Block_1,12,0.04085637092519223
carton-packet,resnet50,Block_2,12,0.027687669984222008
carton-packet,resnet50,Block_3,12,0.02733666093975351
carton-packet,resnet50,Block_4,12,0.03234367871703281
carton-packet,resnet50,Block_5,12,0.07134899818209406
carton-packet,resnet50,AdaptiveAvgPool2d_1,12,0.11437778094904161
carton-packet,resnet50,Flatten_1,12,0.11437778094904161
carton-packet,resnet50,Linear_1,12,0.17041171897360685
carton-packet,resnet50,Block_1,13,0.034344417906429725
carton-packet,resnet50,Block_2,13,0.026877941208048428
carton-packet,resnet50,Block_3,13,0.030015531656772176
carton-packet,resnet50,Block_4,13,0.0352641745498089
carton-packet,resnet50,Block_5,13,0.08165964420180383
carton-packet,resnet50,AdaptiveAvgPool2d_1,13,0.12476325764961682
carton-packet,resnet50,Flatten_1,13,0.12476325764961682
carton-packet,resnet50,Linear_1,13,0.11685867412849715
carton-packet,resnet50,Block_1,14,0.021049725046890733
carton-packet,resnet50,Block_2,14,0.017342353745725125
carton-packet,resnet50,Block_3,14,0.01813371610216674
carton-packet,resnet50,Block_4,14,0.02083503975332579
carton-packet,resnet50,Block_5,14,0.04084264415435912
carton-packet,resnet50,AdaptiveAvgPool2d_1,14,0.06263283388324226
carton-packet,resnet50,Flatten_1,14,0.06263283388324226
carton-packet,resnet50,Linear_1,14,0.046961660400136274
carton-packet,resnet50,Block_1,15,0.03280987291045878
carton-packet,resnet50,Block_2,15,0.022749271436111274
carton-packet,resnet50,Block_3,15,0.026194127329404737
carton-packet,resnet50,Block_4,15,0.030309381703535254
carton-packet,resnet50,Block_5,15,0.07061770211055884
carton-packet,resnet50,AdaptiveAvgPool2d_1,15,0.11399263112217062
carton-packet,resnet50,Flatten_1,15,0.11399263112217062
carton-packet,resnet50,Linear_1,15,0.1404290705940483
carton-packet,resnet50,Block_1,16,0.029979057909256035
carton-packet,resnet50,Block_2,16,0.021343427575090224
carton-packet,resnet50,Block_3,16,0.022399173887669765
carton-packet,resnet50,Block_4,16,0.025234821007721564
carton-packet,resnet50,Block_5,16,0.052665047391941666
carton-packet,resnet50,AdaptiveAvgPool2d_1,16,0.07873141405669692
carton-packet,resnet50,Flatten_1,16,0.07873141405669692
carton-packet,resnet50,Linear_1,16,0.09502511949208126
carton-packet,resnet50,Block_1,17,0.04075287941045669
carton-packet,resnet50,Block_2,17,0.027241865271772414
carton-packet,resnet50,Block_3,17,0.027859297475687494
carton-packet,resnet50,Block_4,17,0.03018773079925019
carton-packet,resnet50,Block_5,17,0.07975340793207031
carton-packet,resnet50,AdaptiveAvgPool2d_1,17,0.11883692792242861
carton-packet,resnet50,Flatten_1,17,0.11883692792242861
carton-packet,resnet50,Linear_1,17,0.17560044290767385
carton-packet,resnet50,Block_1,18,0.027466587993567604
carton-packet,resnet50,Block_2,18,0.019305847265994602
carton-packet,resnet50,Block_3,18,0.02120486551651013
carton-packet,resnet50,Block_4,18,0.02359212555461576
carton-packet,resnet50,Block_5,18,0.03415821060211377
carton-packet,resnet50,AdaptiveAvgPool2d_1,18,0.051981489247765245
carton-packet,resnet50,Flatten_1,18,0.051981489247765245
carton-packet,resnet50,Linear_1,18,0.0270594791328842
carton-packet,resnet50,Block_1,19,0.02480127992201253
carton-packet,resnet50,Block_2,19,0.018337748662363595
carton-packet,resnet50,Block_3,19,0.020464957507126957
carton-packet,resnet50,Block_4,19,0.0229873421018415
carton-packet,resnet50,Block_5,19,0.04655584232769305
carton-packet,resnet50,AdaptiveAvgPool2d_1,19,0.06803154276192769
carton-packet,resnet50,Flatten_1,19,0.06803154276192769
carton-packet,resnet50,Linear_1,19,0.12419939951921144
mtb-bbt,vgg16,Block_1,0,0.09176272803064789
mtb-bbt,vgg16,Block_2,0,0.09443603332759076
mtb-bbt,vgg16,Block_3,0,0.09349651958664751
mtb-bbt,vgg16,Block_4,0,0.09195668909205434
mtb-bbt,vgg16,Block_5,0,0.04648322849110287
mtb-bbt,vgg16,AdaptiveAvgPool2d_1,0,0.04648322849110287
mtb-bbt,vgg16,Flatten_1,0,0.04648322849110287
mtb-bbt,vgg16,Linear_1,0,0.058496529962850374
mtb-bbt,vgg16,ReLU_1,0,0.058496529962850374
mtb-bbt,vgg16,Dropout_1,0,0.058496529962850374
mtb-bbt,vgg16,Linear_2,0,0.05198993228533111
mtb-bbt,vgg16,ReLU_2,0,0.05198993228533111
mtb-bbt,vgg16,Dropout_2,0,0.05198993228533111
mtb-bbt,vgg16,Linear_3,0,0.000543303500812442
mtb-bbt,vgg16,Block_1,1,0.08446139381948725
mtb-bbt,vgg16,Block_2,1,0.08711356162860129
mtb-bbt,vgg16,Block_3,1,0.09031012966057217
mtb-bbt,vgg16,Block_4,1,0.09729058716566874
mtb-bbt,vgg16,Block_5,1,0.05477967605843781
mtb-bbt,vgg16,AdaptiveAvgPool2d_1,1,0.05477967605843781
mtb-bbt,vgg16,Flatten_1,1,0.05477967605843781
mtb-bbt,vgg16,Linear_1,1,0.057216794037943886
mtb-bbt,vgg16,ReLU_1,1,0.057216794037943886
mtb-bbt,vgg16,Dropout_1,1,0.057216794037943886
mtb-bbt,vgg16,Linear_2,1,0.04611384671414154
mtb-bbt,vgg16,ReLU_2,1,0.04611384671414154
mtb-bbt,vgg16,Dropout_2,1,0.04611384671414154
mtb-bbt,vgg16,Linear_3,1,0.0060069758505661985
mtb-bbt,vgg16,Block_1,2,0.08435756351622714
mtb-bbt,vgg16,Block_2,2,0.08874992039456642
mtb-bbt,vgg16,Block_3,2,0.08823810683252631
mtb-bbt,vgg16,Block_4,2,0.09212925710166753
mtb-bbt,vgg16,Block_5,2,0.04203897487130337
mtb-bbt,vgg16,AdaptiveAvgPool2d_1,2,0.04203897487130337
mtb-bbt,vgg16,Flatten_1,2,0.04203897487130337
mtb-bbt,vgg16,Linear_1,2,0.046872543532631705
mtb-bbt,vgg16,ReLU_1,2,0.046872543532631705
mtb-bbt,vgg16,Dropout_1,2,0.046872543532631705
mtb-bbt,vgg16,Linear_2,2,0.04345236452725254
mtb-bbt,vgg16,ReLU_2,2,0.04345236452725254
mtb-bbt,vgg16,Dropout_2,2,0.04345236452725254
mtb-bbt,vgg16,Linear_3,2,0.01676785353128818
mtb-bbt,vgg16,Block_1,3,0.08763211448422714
mtb-bbt,vgg16,Block_2,3,0.08969568152021079
mtb-bbt,vgg16,Block_3,3,0.09142499518854819
mtb-bbt,vgg16,Block_4,3,0.09338048402123955
mtb-bbt,vgg16,Block_5,3,0.05478245345103294
mtb-bbt,vgg16,AdaptiveAvgPool2d_1,3,0.05478245345103294
mtb-bbt,vgg16,Flatten_1,3,0.05478245345103294
mtb-bbt,vgg16,Linear_1,3,0.06344357264368938
mtb-bbt,vgg16,ReLU_1,3,0.06344357264368938
mtb-bbt,vgg16,Dropout_1,3,0.06344357264368938
mtb-bbt,vgg16,Linear_2,3,0.06082954761092363
mtb-bbt,vgg16,ReLU_2,3,0.06082954761092363
mtb-bbt,vgg16,Dropout_2,3,0.06082954761092363
mtb-bbt,vgg16,Linear_3,3,0.0007082274104841524
mtb-bbt,vgg16,Block_1,4,0.0981761316060753
mtb-bbt,vgg16,Block_2,4,0.10080520648291669
mtb-bbt,vgg16,Block_3,4,0.10499629029430568
mtb-bbt,vgg16,Block_4,4,0.11100525054430144
mtb-bbt,vgg16,Block_5,4,0.05231058880303252
mtb-bbt,vgg16,AdaptiveAvgPool2d_1,4,0.05231058880303252
mtb-bbt,vgg16,Flatten_1,4,0.05231058880303252
mtb-bbt,vgg16,Linear_1,4,0.05700623219353451
mtb-bbt,vgg16,ReLU_1,4,0.05700623219353451
mtb-bbt,vgg16,Dropout_1,4,0.05700623219353451
mtb-bbt,vgg16,Linear_2,4,0.05138587740149614
mtb-bbt,vgg16,ReLU_2,4,0.05138587740149614
mtb-bbt,vgg16,Dropout_2,4,0.05138587740149614
mtb-bbt,vgg16,Linear_3,4,0.015647470118518303
mtb-bbt,vgg16,Block_1,5,0.09577656084757113
mtb-bbt,vgg16,Block_2,5,0.09602539943427202
mtb-bbt,vgg16,Block_3,5,0.09748940382034166
mtb-bbt,vgg16,Block_4,5,0.10620508486105917
mtb-bbt,vgg16,Block_5,5,0.05393825424458831
mtb-bbt,vgg16,AdaptiveAvgPool2d_1,5,0.05393825424458831
mtb-bbt,vgg16,Flatten_1,5,0.05393825424458831
mtb-bbt,vgg16,Linear_1,5,0.06213104300230421
mtb-bbt,vgg16,ReLU_1,5,0.06213104300230421
mtb-bbt,vgg16,Dropout_1,5,0.06213104300230421
mtb-bbt,vgg16,Linear_2,5,0.058713795652021394
mtb-bbt,vgg16,ReLU_2,5,0.058713795652021394
mtb-bbt,vgg16,Dropout_2,5,0.058713795652021394
mtb-bbt,vgg16,Linear_3,5,0.00017268247311708063
mtb-bbt,vgg16,Block_1,6,0.09915110759483248
mtb-bbt,vgg16,Block_2,6,0.10228298649489964
mtb-bbt,vgg16,Block_3,6,0.1077221049367687
mtb-bbt,vgg16,Block_4,6,0.1072002361397475
mtb-bbt,vgg16,Block_5,6,0.0490858602719616
mtb-bbt,vgg16,AdaptiveAvgPool2d_1,6,0.0490858602719616
mtb-bbt,vgg16,Flatten_1,6,0.0490858602719616
mtb-bbt,vgg16,Linear_1,6,0.06654403537719311
mtb-bbt,vgg16,ReLU_1,6,0.06654403537719311
mtb-bbt,vgg16,Dropout_1,6,0.06654403537719311
mtb-bbt,vgg16,Linear_2,6,0.07046206816162193
mtb-bbt,vgg16,ReLU_2,6,0.07046206816162193
mtb-bbt,vgg16,Dropout_2,6,0.07046206816162193
mtb-bbt,vgg16,Linear_3,6,0.004033070932388361
mtb-bbt,vgg16,Block_1,7,0.10199610488292932
mtb-bbt,vgg16,Block_2,7,0.09927138769193766
mtb-bbt,vgg16,Block_3,7,0.09973387237716558
mtb-bbt,vgg16,Block_4,7,0.1062683127200329
mtb-bbt,vgg16,Block_5,7,0.047790091058147244
mtb-bbt,vgg16,AdaptiveAvgPool2d_1,7,0.047790091058147244
mtb-bbt,vgg16,Flatten_1,7,0.047790091058147244
mtb-bbt,vgg16,Linear_1,7,0.05637397133289912
mtb-bbt,vgg16,ReLU_1,7,0.05637397133289912
mtb-bbt,vgg16,Dropout_1,7,0.05637397133289912
mtb-bbt,vgg16,Linear_2,7,0.05025339899450598
mtb-bbt,vgg16,ReLU_2,7,0.05025339899450598
mtb-bbt,vgg16,Dropout_2,7,0.05025339899450598
mtb-bbt,vgg16,Linear_3,7,0.013657096958727744
mtb-bbt,vgg16,Block_1,8,0.0904649614748233
mtb-bbt,vgg16,Block_2,8,0.09277809999158315
mtb-bbt,vgg16,Block_3,8,0.09339401425326344
mtb-bbt,vgg16,Block_4,8,0.09756084667751241
mtb-bbt,vgg16,Block_5,8,0.052114628441607525
mtb-bbt,vgg16,AdaptiveAvgPool2d_1,8,0.052114628441607525
mtb-bbt,vgg16,Flatten_1,8,0.052114628441607525
mtb-bbt,vgg16,Linear_1,8,0.06408354003875172
mtb-bbt,vgg16,ReLU_1,8,0.06408354003875172
mtb-bbt,vgg16,Dropout_1,8,0.06408354003875172
mtb-bbt,vgg16,Linear_2,8,0.05516839997506329
mtb-bbt,vgg16,ReLU_2,8,0.05516839997506329
mtb-bbt,vgg16,Dropout_2,8,0.05516839997506329
mtb-bbt,vgg16,Linear_3,8,6.861616874964671e-05
mtb-bbt,vgg16,Block_1,9,0.08767280506186692
mtb-bbt,vgg16,Block_2,9,0.08883202420191072
mtb-bbt,vgg16,Block_3,9,0.08930548511331204
mtb-bbt,vgg16,Block_4,9,0.09018316811261684
mtb-bbt,vgg16,Block_5,9,0.04403049822785543
mtb-bbt,vgg16,AdaptiveAvgPool2d_1,9,0.04403049822785543
mtb-bbt,vgg16,Flatten_1,9,0.04403049822785543
mtb-bbt,vgg16,Linear_1,9,0.06034849572582501
mtb-bbt,vgg16,ReLU_1,9,0.06034849572582501
mtb-bbt,vgg16,Dropout_1,9,0.06034849572582501
mtb-bbt,vgg16,Linear_2,9,0.0595383798615835
mtb-bbt,vgg16,ReLU_2,9,0.0595383798615835
mtb-bbt,vgg16,Dropout_2,9,0.0595383798615835
mtb-bbt,vgg16,Linear_3,9,0.008539055241475468
mtb-bbt,vgg16,Block_1,10,0.08122843743606523
mtb-bbt,vgg16,Block_2,10,0.08269827038715849
mtb-bbt,vgg16,Block_3,10,0.0820323196003373
mtb-bbt,vgg16,Block_4,10,0.08292413357291828
mtb-bbt,vgg16,Block_5,10,0.045856064488764336
mtb-bbt,vgg16,AdaptiveAvgPool2d_1,10,0.045856064488764336
mtb-bbt,vgg16,Flatten_1,10,0.045856064488764336
mtb-bbt,vgg16,Linear_1,10,0.05347342340053185
mtb-bbt,vgg16,ReLU_1,10,0.05347342340053185
mtb-bbt,vgg16,Dropout_1,10,0.05347342340053185
mtb-bbt,vgg16,Linear_2,10,0.04705265527639457
mtb-bbt,vgg16,ReLU_2,10,0.04705265527639457
mtb-bbt,vgg16,Dropout_2,10,0.04705265527639457
mtb-bbt,vgg16,Linear_3,10,0.00279789926457108
mtb-bbt,vgg16,Block_1,11,0.08563281364282083
mtb-bbt,vgg16,Block_2,11,0.08935996541280222
mtb-bbt,vgg16,Block_3,11,0.09209247739030368
mtb-bbt,vgg16,Block_4,11,0.09811018867003884
mtb-bbt,vgg16,Block_5,11,0.050605857966873447
mtb-bbt,vgg16,AdaptiveAvgPool2d_1,11,0.050605857966873447
mtb-bbt,vgg16,Flatten_1,11,0.050605857966873447
mtb-bbt,vgg16,Linear_1,11,0.06261994781860936
mtb-bbt,vgg16,ReLU_1,11,0.06261994781860936
mtb-bbt,vgg16,Dropout_1,11,0.06261994781860936
mtb-bbt,vgg16,Linear_2,11,0.059845256988697915
mtb-bbt,vgg16,ReLU_2,11,0.059845256988697915
mtb-bbt,vgg16,Dropout_2,11,0.059845256988697915
mtb-bbt,vgg16,Linear_3,11,5.8317619552439304e-05
mtb-bbt,vgg16,Block_1,12,0.10272533280315244
mtb-bbt,vgg16,Block_2,12,0.10019187509697103
mtb-bbt,vgg16,Block_3,12,0.09687490420356859
mtb-bbt,vgg16,Block_4,12,0.09717118323321783
mtb-bbt,vgg16,Block_5,12,0.04742656206438056
mtb-bbt,vgg16,AdaptiveAvgPool2d_1,12,0.04742656206438056
mtb-bbt,vgg16,Flatten_1,12,0.04742656206438056
mtb-bbt,vgg16,Linear_1,12,0.05876146789367942
mtb-bbt,vgg16,ReLU_1,12,0.05876146789367942
mtb-bbt,vgg16,Dropout_1,12,0.05876146789367942
mtb-bbt,vgg16,Linear_2,12,0.05652893202295051
mtb-bbt,vgg16,ReLU_2,12,0.05652893202295051
mtb-bbt,vgg16,Dropout_2,12,0.05652893202295051
mtb-bbt,vgg16,Linear_3,12,0.0014948835015383688
mtb-bbt,vgg16,Block_1,13,0.10306018117695281
mtb-bbt,vgg16,Block_2,13,0.1031684395728657
mtb-bbt,vgg16,Block_3,13,0.10761673170170993
mtb-bbt,vgg16,Block_4,13,0.1152295702149011
mtb-bbt,vgg16,Block_5,13,0.04697922801361154
mtb-bbt,vgg16,AdaptiveAvgPool2d_1,13,0.04697922801361154
mtb-bbt,vgg16,Flatten_1,13,0.04697922801361154
mtb-bbt,vgg16,Linear_1,13,0.05941909091760822
mtb-bbt,vgg16,ReLU_1,13,0.05941909091760822
mtb-bbt,vgg16,Dropout_1,13,0.05941909091760822
mtb-bbt,vgg16,Linear_2,13,0.052779515726932846
mtb-bbt,vgg16,ReLU_2,13,0.052779515726932846
mtb-bbt,vgg16,Dropout_2,13,0.052779515726932846
mtb-bbt,vgg16,Linear_3,13,0.005643261280906531
mtb-bbt,vgg16,Block_1,14,0.09494351954585556
mtb-bbt,vgg16,Block_2,14,0.09876683421029331
mtb-bbt,vgg16,Block_3,14,0.10447656052448462
mtb-bbt,vgg16,Block_4,14,0.10609424361796704
mtb-bbt,vgg16,Block_5,14,0.04576248039220232
mtb-bbt,vgg16,AdaptiveAvgPool2d_1,14,0.04576248039220232
mtb-bbt,vgg16,Flatten_1,14,0.04576248039220232
mtb-bbt,vgg16,Linear_1,14,0.059065464419373326
mtb-bbt,vgg16,ReLU_1,14,0.059065464419373326
mtb-bbt,vgg16,Dropout_1,14,0.059065464419373326
mtb-bbt,vgg16,Linear_2,14,0.05756504479071689
mtb-bbt,vgg16,ReLU_2,14,0.05756504479071689
mtb-bbt,vgg16,Dropout_2,14,0.05756504479071689
mtb-bbt,vgg16,Linear_3,14,0.00010174180092870078
mtb-bbt,vgg16,Block_1,15,0.09991481563121707
mtb-bbt,vgg16,Block_2,15,0.10075054932351457
mtb-bbt,vgg16,Block_3,15,0.10695987770343329
mtb-bbt,vgg16,Block_4,15,0.11467970810724581
mtb-bbt,vgg16,Block_5,15,0.052998893902958755
mtb-bbt,vgg16,AdaptiveAvgPool2d_1,15,0.052998893902958755
mtb-bbt,vgg16,Flatten_1,15,0.052998893902958755
mtb-bbt,vgg16,Linear_1,15,0.06296312813738447
mtb-bbt,vgg16,ReLU_1,15,0.06296312813738447
mtb-bbt,vgg16,Dropout_1,15,0.06296312813738447
mtb-bbt,vgg16,Linear_2,15,0.058459775299870675
mtb-bbt,vgg16,ReLU_2,15,0.058459775299870675
mtb-bbt,vgg16,Dropout_2,15,0.058459775299870675
mtb-bbt,vgg16,Linear_3,15,0.0024584476111355613
mtb-bbt,vgg16,Block_1,16,0.09000113080091932
mtb-bbt,vgg16,Block_2,16,0.09165451307892747
mtb-bbt,vgg16,Block_3,16,0.0896939579949777
mtb-bbt,vgg16,Block_4,16,0.09106651739466687
mtb-bbt,vgg16,Block_5,16,0.05020073043452755
mtb-bbt,vgg16,AdaptiveAvgPool2d_1,16,0.05020073043452755
mtb-bbt,vgg16,Flatten_1,16,0.05020073043452755
mtb-bbt,vgg16,Linear_1,16,0.058840676036090334
mtb-bbt,vgg16,ReLU_1,16,0.058840676036090334
mtb-bbt,vgg16,Dropout_1,16,0.058840676036090334
mtb-bbt,vgg16,Linear_2,16,0.05343305183479563
mtb-bbt,vgg16,ReLU_2,16,0.05343305183479563
mtb-bbt,vgg16,Dropout_2,16,0.05343305183479563
mtb-bbt,vgg16,Linear_3,16,0.008413615035720245
mtb-bbt,vgg16,Block_1,17,0.10166518632940247
mtb-bbt,vgg16,Block_2,17,0.10334246841902972
mtb-bbt,vgg16,Block_3,17,0.10346106837670277
mtb-bbt,vgg16,Block_4,17,0.10343953047543542
mtb-bbt,vgg16,Block_5,17,0.049529433233047704
mtb-bbt,vgg16,AdaptiveAvgPool2d_1,17,0.049529433233047704
mtb-bbt,vgg16,Flatten_1,17,0.049529433233047704
mtb-bbt,vgg16,Linear_1,17,0.06462176437877998
mtb-bbt,vgg16,ReLU_1,17,0.06462176437877998
mtb-bbt,vgg16,Dropout_1,17,0.06462176437877998
mtb-bbt,vgg16,Linear_2,17,0.06251946680478881
mtb-bbt,vgg16,ReLU_2,17,0.06251946680478881
mtb-bbt,vgg16,Dropout_2,17,0.06251946680478881
mtb-bbt,vgg16,Linear_3,17,0.0057394250527040835
mtb-bbt,vgg16,Block_1,18,0.08472508022081493
mtb-bbt,vgg16,Block_2,18,0.08727552877951505
mtb-bbt,vgg16,Block_3,18,0.0914168923924018
mtb-bbt,vgg16,Block_4,18,0.09437223878225665
mtb-bbt,vgg16,Block_5,18,0.04876200200468905
mtb-bbt,vgg16,AdaptiveAvgPool2d_1,18,0.04876200200468905
mtb-bbt,vgg16,Flatten_1,18,0.04876200200468905
mtb-bbt,vgg16,Linear_1,18,0.05946650139674836
mtb-bbt,vgg16,ReLU_1,18,0.05946650139674836
mtb-bbt,vgg16,Dropout_1,18,0.05946650139674836
mtb-bbt,vgg16,Linear_2,18,0.05495085788230103
mtb-bbt,vgg16,ReLU_2,18,0.05495085788230103
mtb-bbt,vgg16,Dropout_2,18,0.05495085788230103
mtb-bbt,vgg16,Linear_3,18,0.008249856529372934
mtb-bbt,vgg16,Block_1,19,0.09833503927527398
mtb-bbt,vgg16,Block_2,19,0.09778070700644215
mtb-bbt,vgg16,Block_3,19,0.09730811165147668
mtb-bbt,vgg16,Block_4,19,0.10358024128022292
mtb-bbt,vgg16,Block_5,19,0.04800899506538703
mtb-bbt,vgg16,AdaptiveAvgPool2d_1,19,0.04800899506538703
mtb-bbt,vgg16,Flatten_1,19,0.04800899506538703
mtb-bbt,vgg16,Linear_1,19,0.060161325974764535
mtb-bbt,vgg16,ReLU_1,19,0.060161325974764535
mtb-bbt,vgg16,Dropout_1,19,0.060161325974764535
mtb-bbt,vgg16,Linear_2,19,0.055914596429472496
mtb-bbt,vgg16,ReLU_2,19,0.055914596429472496
mtb-bbt,vgg16,Dropout_2,19,0.055914596429472496
mtb-bbt,vgg16,Linear_3,19,0.009304286981026366
